{"extranormal3-0.0.3-py_0.tar.bz2": {"mtime": 1556805432.731182, "size": 11396}, "quasar-0.3.0-py_0.tar.bz2": {"mtime": 1556791661.663575, "size": 86612}, "quasar-0.3.1-py_0.tar.bz2": {"mtime": 1556804036.5185103, "size": 86652}, "quasar-0.3.2-py_0.tar.bz2": {"mtime": 1556876633.5575593, "size": 86622}, "quasar-0.4.0-py_0.tar.bz2": {"mtime": 1558559255.9237406, "size": 84889}, "orange-spectroscopy-0.4.3-py_0.tar.bz2": {"mtime": 1556791371.116085, "size": 2393803}, "orange-spectroscopy-0.4.1-py_0.tar.bz2": {"mtime": 1556790998.9133437, "size": 2314633}, "orange-spectroscopy-0.4.4-py_0.tar.bz2": {"mtime": 1556875644.6262457, "size": 2393673}}